epitope,cdr3_TRA,cdr3_TRB,TRAV,TRAJ,TRBV,TRBJ,Label
YVLTWIVGA,CVVNREDDMRF,CAIIDRNTGELFF,TRAV12-1,TRAJ43,TRBV5-8,TRBJ2-2,0
YVLTWIVGA,CAVERENQGGKLIF,CASSFPGTGGNIQYF,TRAV12-2,TRAJ23,TRBV5-1,TRBJ2-4,0
YVLTWIVGA,CAASGGYQKVTF,CASSRGTPNEQFF,TRAV29/DV5,TRAJ13,TRBV12-3,TRBJ2-1,0
YVLTWIVGA,CAVTPSNTGKLIF,CASSVGNTEAFF,TRAV12-2,,TRBV9,,1
YVLTWIVGA,CALMSQRTSYQLTF,CASSQGYTDTQYF,TRAV38-2/DV8,TRAJ28,TRBV4-2,TRBJ2-3,0
YVLTWIVGA,CAGYPGYSTLTF,CASSLGQYNSPLHF,TRAV12-2,TRAJ11,TRBV7-9,TRBJ1-6,0
YVLTWIVGA,CAGGDSWGKLQF,CASSRKGDSPLHF,TRAV29/DV5,,TRBV4-1,,0
YVLTWIVGA,CAPGNTGKLIF,CASSLGRDLNQPQHF,TRAV39,TRAJ37,TRBV7-9,TRBJ1-5,0
YVLTWIVGA,CIVRPRWDSNYQLIW,CASSQAPSMEPNEQFF,TRAV26-1,TRAJ33,TRBV4-1,TRBJ2-1,0
YVLTWIVGA,CADSSYKLIF,CASSYSTEAYEQYF,TRAV12-2,TRAJ12,TRBV6-6,TRBJ2-7,0
YVLTWIVGA,CALGELTNTGGFKTIF,CASSYDRGYEQYF,TRAV1,TRAJ9,TRBV11-02,TRBJ2-7,0
YVLTWIVGA,CALGTHDMRF,CASSESGAAYTGELFF,,,TRBV10-1,,1
YVLTWIVGA,CAEIGVGGYQKVTF,CATSPSLGTQYF,TRAV41,,TRBV6-5,,0
YVLTWIVGA,CAYRGYTGKLIF,CASSHETGELFF,TRAV38-2/DV8,,TRBV6-6,,1
YVLTWIVGA,CAVSDSTATSGSRLTF,CASSQDWARGTGSYEQYF,TRAV8-6,,TRBV4-3,TRBJ2-7,0
YVLTWIVGA,CASPNYGGSQGNLIF,CASSLGQSSYNEQFF,TRAV38-2/DV8,TRAJ42,TRBV7-6,TRBJ2-1,0
YVLTWIVGA,CAGASGSSNTGKLIF,CASSIRSSYEQYF,TRAV27,TRAJ37,TRBV19,TRBJ2-7,0
YVLTWIVGA,CAVTPSNTGKLIF,CASSVGNTEAFF,,,TRBV9,,1
YVLTWIVGA,CILRRGGSNYKLTF,CASSPLAGPLYEQYF,TRAV26-2,TRAJ53,TRBV7-3,TRBJ2-7,0
YVLTWIVGA,CVVSDRNFNKFYF,CAISESNDGNEQFF,TRAV8-2,TRAJ21,TRBV10-3,TRBJ2-1,0
YVLTWIVGA,CAEISSGGSYIPTF,CASSTIEGQGGRHTQYF,TRAV13-2,TRAJ6-01,TRBV9-01,TRBJ2-3,0
YVLTWIVGA,CAVDPGYMRF,CASLEAGGETQYF,TRAV24,,TRBV6-5,,1
YVLTWIVGA,CACVNSGAGSYQLTF,CASSKDRNQPQHF,TRAV38-2/DV8,TRAJ28,TRBV2,TRBJ1-5,0
YVLTWIVGA,CADDNNARLMF,CSARDRTGNGYTF,TRAV5-01,TRAJ3-01,TRBV2-01,TRBJ1-2,0
YVLTWIVGA,CAENEGGGSQGNLIF,CASSSRAGGEQYF,TRAV5,TRAJ42,TRBV19,TRBJ2-7,0
YVLTWIVGA,CAEDNNARLMF,CSARDQTGNGYTF,TRAV5,TRAJ31,TRBV20-1,TRBJ1-2,0
YVLTWIVGA,CALSAGGLDQAGTALIF,CASSMGRDGYTF,TRAV19,TRAJ15,TRBV19,TRBJ1-2,0
YVLTWIVGA,CAGRNNNARLMF,CASSLVGSGGEQYF,TRAV21,TRAJ31,TRBV5-1,TRBJ2-7,0
YVLTWIVGA,CAMSAGGTSYGKLTF,CASSEYKQGVTYEQYF,TRAV12-3,TRAJ52,TRBV25-1,TRBJ2-7,0
YVLTWIVGA,CAVRDDNNNDMRF,CASSEGQGRWYEQYF,TRAV3,,TRBV2,,0
YVLTWIVGA,CAGAGGGSQGNLIF,CASSTRSTGELFF,TRAV27,TRAJ42,TRBV19,TRBJ2-2,0
YVLTWIVGA,CAMRESVSGANNLF,CSARAGTKTYEQY,,,TRBV20-01,TRBJ2-7,0
YVLTWIVGA,CALSESAGGTSYGKLTF,CASSDFKGEGFTDTQYF,TRAV19,TRAJ52,TRBV6-1,TRBJ2-3,0
YVLTWIVGA,CATGNTGKLIF,CASSPRVMTYEQYF,TRAV17,TRAJ37,TRBV28,TRBJ2-7,0
YVLTWIVGA,CAVPVQTSYDKVIF,CASSSAYYGYTF,TRAV12-2,TRAJ50,TRBV12-4,TRBJ1-2,0
YVLTWIVGA,CLVATILTGGGNKLTF,CASSLGTGAQETQYF,TRAV4,TRAJ10,TRBV7-3,TRBJ2-5,0
YVLTWIVGA,CAVDLTGAGSYQLTF,CASSLPDRAGEKLFF,TRAV8-3,TRAJ28,TRBV7-8,TRBJ1-4,0
YVLTWIVGA,CAGQNYGGSQGNLIF,CAIRAASAHEQYF,TRAV35,TRAJ42,TRBV10-3,TRBJ2-7,0
YVLTWIVGA,CAVKTDSWGKLQF,CASSPGELVPNTEAFF,TRAV12-2,TRAJ24,TRBV4-1,TRBJ1-1,0
YVLTWIVGA,CAVNIGKLTF,CSARDTGGGSGELFF,TRAV12-2,TRAJ48,TRBV20-1,TRBJ2-2,0
YVLTWIVGA,CACMDSNYQLIW,CASSPHSGGDPRNEQFF,TRAV14/DV4,,TRBV7-9,,1
YVLTWIVGA,CAVDPGYMRF,CASLEAGGETQYF,TRAV39,,TRBV6-5,,1
YVLTWIVGA,CAGGGSQGNLIF,CARGGGGSYERYF,TRAV27,TRAJ42,TRBV19,TRBJ2-7,0
YVLTWIVGA,CAVQFPTQGGSEKLVF,CASSLSPGYTEAFF,,,TRBV27,,1
YVLTWIVGA,CAVSTDKLIF,CASSLKLAGTDTQYF,TRAV12-2,TRAJ34,TRBV27,TRBJ2-3,0
YVLTWIVGA,CAGPLAGGSQGNLIF,CASSIYSNQPQHF,TRAV27,TRAJ42,TRBV19,TRBJ1-5,0
YVLTWIVGA,CAESIGKLIF,CSVGSGGTNEKLFF,TRAV5,TRAJ23,TRBV29-1,TRBJ1-4,0
YVLTWIVGA,CAVRSDTDKLIF,CASSLAQGSYEQYF,TRAV41,TRAJ34,TRBV7-6,TRBJ2-7,0
